BEGIN;
TRUNCATE order_details, orders, books, authors, genres, publishers, users, roles, pickup_points RESTART IDENTITY CASCADE;
INSERT INTO roles(role_id, name) VALUES (1, 'Авторизованный клиент');
INSERT INTO roles(role_id, name) VALUES (2, 'Администратор');
INSERT INTO roles(role_id, name) VALUES (3, 'Менеджер');
INSERT INTO authors(author_id, name) VALUES (1, 'Агата Кристи');
INSERT INTO authors(author_id, name) VALUES (2, 'Антуан де Сент-Экзюпери');
INSERT INTO authors(author_id, name) VALUES (3, 'Артур Конан Дойл');
INSERT INTO authors(author_id, name) VALUES (4, 'Джером Сэлинджер');
INSERT INTO authors(author_id, name) VALUES (5, 'Джоан Роулинг');
INSERT INTO authors(author_id, name) VALUES (6, 'Джордж Оруэлл');
INSERT INTO authors(author_id, name) VALUES (7, 'Дуглас Адамс');
INSERT INTO authors(author_id, name) VALUES (8, 'Дэниел Киз');
INSERT INTO authors(author_id, name) VALUES (9, 'Лев Толстой');
INSERT INTO authors(author_id, name) VALUES (10, 'Михаил Булгаков');
INSERT INTO authors(author_id, name) VALUES (11, 'Орсон Скотт Кард');
INSERT INTO authors(author_id, name) VALUES (12, 'Оскар Уайльд');
INSERT INTO authors(author_id, name) VALUES (13, 'Пауло Коэльо');
INSERT INTO authors(author_id, name) VALUES (14, 'Федор Достоевский');
INSERT INTO authors(author_id, name) VALUES (15, 'Эрих Мария Ремарк');
INSERT INTO genres(genre_id, name) VALUES (1, 'Антиутопия');
INSERT INTO genres(genre_id, name) VALUES (2, 'Детектив');
INSERT INTO genres(genre_id, name) VALUES (3, 'Детская');
INSERT INTO genres(genre_id, name) VALUES (4, 'Классика');
INSERT INTO genres(genre_id, name) VALUES (5, 'Научная фантастика');
INSERT INTO genres(genre_id, name) VALUES (6, 'Роман');
INSERT INTO genres(genre_id, name) VALUES (7, 'Фантастика');
INSERT INTO genres(genre_id, name) VALUES (8, 'Фэнтези');
INSERT INTO publishers(publisher_id, name) VALUES (1, 'АСТ');
INSERT INTO publishers(publisher_id, name) VALUES (2, 'Азбука');
INSERT INTO publishers(publisher_id, name) VALUES (3, 'Иностранка');
INSERT INTO publishers(publisher_id, name) VALUES (4, 'Махаон');
INSERT INTO publishers(publisher_id, name) VALUES (5, 'София');
INSERT INTO publishers(publisher_id, name) VALUES (6, 'Эксмо');
INSERT INTO users(user_id, role_id, full_name, login, password) VALUES (1, 2, 'Орлова Алина Викторовна', 'a.orlova@bookworld.ru', 'Ah7kLp');
INSERT INTO users(user_id, role_id, full_name, login, password) VALUES (2, 2, 'Волков Денис Сергеевич', 'd.volkov@bookworld.ru', 'Bm2qR9');
INSERT INTO users(user_id, role_id, full_name, login, password) VALUES (3, 3, 'Семенова Ирина Олеговна', 'i.semenova@bookworld.ru', 'Cn8tWx');
INSERT INTO users(user_id, role_id, full_name, login, password) VALUES (4, 3, 'Козлов Максим Игоревич', 'm.kozlov@bookworld.ru', 'Df4yUz');
INSERT INTO users(user_id, role_id, full_name, login, password) VALUES (5, 3, 'Николаева Татьяна Петровна', 't.nikolaeva@bookworld.ru', 'Eg6vAs');
INSERT INTO users(user_id, role_id, full_name, login, password) VALUES (6, 1, 'Белов Алексей Дмитриевич', 'a.belov@example.com', 'Fh9jQw');
INSERT INTO users(user_id, role_id, full_name, login, password) VALUES (7, 1, 'Соколова Мария Андреевна', 'm.sokolova@example.com', 'Gi1kEx');
INSERT INTO users(user_id, role_id, full_name, login, password) VALUES (8, 1, 'Морозов Иван Павлович', 'i.morozov@example.com', 'Hj2lFy');
INSERT INTO users(user_id, role_id, full_name, login, password) VALUES (9, 1, 'Лебедева Ольга Васильевна', 'o.lebedeva@example.com', 'Kk3mGz');
INSERT INTO books(book_id, article, title, author_id, genre_id, publisher_id, year, price, discount_price, is_on_sale, stock, description, cover_path) VALUES (1, 'B112F4', 'Мастер и Маргарита', 10, 4, 6, 2020, 450.0, 380.0, true, 12, 'Бессмертное произведение русской литературы, полное мистики и философских размышлений.', '1.png');
INSERT INTO books(book_id, article, title, author_id, genre_id, publisher_id, year, price, discount_price, is_on_sale, stock, description, cover_path) VALUES (2, 'F635R4', '1984', 6, 1, 1, 2019, 520.0, NULL, false, 8, 'Знаменитая антиутопия, рассказывающая о тоталитарном обществе под постоянным контролем.', '2.png');
INSERT INTO books(book_id, article, title, author_id, genre_id, publisher_id, year, price, discount_price, is_on_sale, stock, description, cover_path) VALUES (3, 'H782T5', 'Преступление и наказание', 14, 4, 6, 2021, 480.0, 430.0, true, 15, 'Глубокий психологический роман о преступлении и моральных муках раскаяния.', '3.png');
INSERT INTO books(book_id, article, title, author_id, genre_id, publisher_id, year, price, discount_price, is_on_sale, stock, description, cover_path) VALUES (4, 'G783F5', 'Три товарища', 15, 4, 2, 2018, 590.0, NULL, false, 7, 'Трогательная история о дружбе и любви на фоне сложного времени в Германии.', '4.png');
INSERT INTO books(book_id, article, title, author_id, genre_id, publisher_id, year, price, discount_price, is_on_sale, stock, description, cover_path) VALUES (5, 'J384T6', 'Маленький принц', 2, 3, 4, 2022, 380.0, 340.0, true, 20, 'Философская сказка для детей и взрослых, говорящая о самом важном в жизни.', '5.png');
INSERT INTO books(book_id, article, title, author_id, genre_id, publisher_id, year, price, discount_price, is_on_sale, stock, description, cover_path) VALUES (6, 'D572U8', 'Шерлок Холмс (сборник)', 3, 2, 6, 2020, 650.0, 590.0, true, 9, 'Знаменитые расследования великого сыщика Шерлока Холмса и его друга доктора Ватсона.', '6.png');
INSERT INTO books(book_id, article, title, author_id, genre_id, publisher_id, year, price, discount_price, is_on_sale, stock, description, cover_path) VALUES (7, 'F572H7', 'Гарри Поттер и философский камень', 5, 8, 4, 2021, 720.0, NULL, false, 14, 'Первая книга культовой серии о юном волшебнике Гарри Поттере.', '7.png');
INSERT INTO books(book_id, article, title, author_id, genre_id, publisher_id, year, price, discount_price, is_on_sale, stock, description, cover_path) VALUES (8, 'D329H3', 'Убийство в Восточном экспрессе', 1, 2, 6, 2019, 430.0, 390.0, true, 11, 'Одно из самых известных дел Эркюля Пуаро, разворачивающееся в поезде.', '8.png');
INSERT INTO books(book_id, article, title, author_id, genre_id, publisher_id, year, price, discount_price, is_on_sale, stock, description, cover_path) VALUES (9, 'B320R5', 'Война и мир (том 1)', 9, 4, 1, 2021, 550.0, NULL, false, 6, 'Монументальный роман-эпопея, охватывающий судьбы людей на фоне войны с Наполеоном.', '9.png');
INSERT INTO books(book_id, article, title, author_id, genre_id, publisher_id, year, price, discount_price, is_on_sale, stock, description, cover_path) VALUES (10, 'G432E4', 'Алхимик', 13, 6, 5, 2020, 480.0, 430.0, true, 18, 'Притча о юном пастухе Сантьяго, отправившемся на поиски своего сокровища и предназначения.', '10.png');
INSERT INTO books(book_id, article, title, author_id, genre_id, publisher_id, year, price, discount_price, is_on_sale, stock, description, cover_path) VALUES (11, 'S213E3', 'Портрет Дориана Грея', 12, 4, 6, 2018, 460.0, NULL, false, 5, 'История о красоте, разврате и таинственном портрете, стареющем вместо своего владельца.', '');
INSERT INTO books(book_id, article, title, author_id, genre_id, publisher_id, year, price, discount_price, is_on_sale, stock, description, cover_path) VALUES (12, 'E482R4', 'Над пропастью во ржи', 4, 4, 2, 2019, 390.0, 350.0, true, 10, 'Роман о подростковом бунте и поиске себя в лицемерном взрослом мире.', '');
INSERT INTO books(book_id, article, title, author_id, genre_id, publisher_id, year, price, discount_price, is_on_sale, stock, description, cover_path) VALUES (13, 'S634B5', 'Игра Эндера', 11, 7, 6, 2021, 540.0, NULL, false, 0, 'История одаренного мальчика, готовящегося к защите Земли от инопланетной угрозы.', '');
INSERT INTO books(book_id, article, title, author_id, genre_id, publisher_id, year, price, discount_price, is_on_sale, stock, description, cover_path) VALUES (14, 'K345R4', 'Автостопом по галактике', 7, 7, 1, 2020, 510.0, 460.0, true, 13, 'Юмористическая фантастика о невероятных приключениях землянина Артура Дента.', '');
INSERT INTO books(book_id, article, title, author_id, genre_id, publisher_id, year, price, discount_price, is_on_sale, stock, description, cover_path) VALUES (15, 'O754F4', 'Цветы для Элджернона', 8, 5, 3, 2021, 470.0, 420.0, true, 8, 'Трогательная история человека, участвующего в эксперименте по повышению интеллекта.', '');
INSERT INTO pickup_points(pickup_point_id, address) VALUES (1, 'г. Москва, ул. Тверская, д. 10');
INSERT INTO pickup_points(pickup_point_id, address) VALUES (2, 'г. Москва, пр-т Мира, д. 25');
INSERT INTO pickup_points(pickup_point_id, address) VALUES (3, 'г. Санкт-Петербург, Невский пр-т, д. 45');
INSERT INTO pickup_points(pickup_point_id, address) VALUES (4, 'г. Санкт-Петербург, ул. Садовая, д. 12');
INSERT INTO pickup_points(pickup_point_id, address) VALUES (5, 'г. Екатеринбург, ул. Ленина, д. 33');
INSERT INTO pickup_points(pickup_point_id, address) VALUES (6, 'г. Новосибирск, Красный пр-т, д. 20');
INSERT INTO pickup_points(pickup_point_id, address) VALUES (7, 'г. Казань, ул. Баумана, д. 15');
INSERT INTO pickup_points(pickup_point_id, address) VALUES (8, 'г. Нижний Новгород, ул. Большая Покровская, д. 5');
INSERT INTO pickup_points(pickup_point_id, address) VALUES (9, 'г. Ростов-на-Дону, ул. Большая Садовая, д. 8');
INSERT INTO pickup_points(pickup_point_id, address) VALUES (10, 'г. Челябинск, ул. Кирова, д. 78');
INSERT INTO pickup_points(pickup_point_id, address) VALUES (11, 'г. Омск, ул. Ленина, д. 10');
INSERT INTO pickup_points(pickup_point_id, address) VALUES (12, 'г. Самара, ул. Куйбышева, д. 95');
INSERT INTO pickup_points(pickup_point_id, address) VALUES (13, 'г. Уфа, пр-т Октября, д. 25');
INSERT INTO pickup_points(pickup_point_id, address) VALUES (14, 'г. Красноярск, ул. Карла Маркса, д. 48');
INSERT INTO pickup_points(pickup_point_id, address) VALUES (15, 'г. Воронеж, ул. Плехановская, д. 10');
INSERT INTO pickup_points(pickup_point_id, address) VALUES (16, 'г. Пермь, ул. Ленина, д. 35');
INSERT INTO pickup_points(pickup_point_id, address) VALUES (17, 'г. Волгоград, пр-т Ленина, д. 25');
INSERT INTO pickup_points(pickup_point_id, address) VALUES (18, 'г. Краснодар, ул. Красная, д. 100');
INSERT INTO pickup_points(pickup_point_id, address) VALUES (19, 'г. Саратов, ул. Московская, д. 5');
INSERT INTO pickup_points(pickup_point_id, address) VALUES (20, 'г. Тюмень, ул. Республики, д. 50');
INSERT INTO pickup_points(pickup_point_id, address) VALUES (21, 'г. Ижевск, ул. Пушкинская, д. 150');
INSERT INTO pickup_points(pickup_point_id, address) VALUES (22, 'г. Барнаул, ул. Ленина, д. 30');
INSERT INTO pickup_points(pickup_point_id, address) VALUES (23, 'г. Иркутск, ул. Литвинова, д. 16');
INSERT INTO pickup_points(pickup_point_id, address) VALUES (24, 'г. Ульяновск, ул. Гончарова, д. 25');
INSERT INTO pickup_points(pickup_point_id, address) VALUES (25, 'г. Хабаровск, ул. Муравьева-Амурского, д. 5');
INSERT INTO pickup_points(pickup_point_id, address) VALUES (26, 'г. Ярославль, ул. Кирова, д. 10');
INSERT INTO pickup_points(pickup_point_id, address) VALUES (27, 'г. Владивосток, ул. Светланская, д. 25');
INSERT INTO pickup_points(pickup_point_id, address) VALUES (28, 'г. Махачкала, ул. Даниялова, д. 30');
INSERT INTO pickup_points(pickup_point_id, address) VALUES (29, 'г. Томск, пр-т Ленина, д. 50');
INSERT INTO pickup_points(pickup_point_id, address) VALUES (30, 'г. Кемерово, пр-т Советский, д. 35');
INSERT INTO pickup_points(pickup_point_id, address) VALUES (31, 'г. Рязань, ул. Почтовая, д. 45');
INSERT INTO pickup_points(pickup_point_id, address) VALUES (32, 'г. Астрахань, ул. Советская, д. 15');
INSERT INTO pickup_points(pickup_point_id, address) VALUES (33, 'г. Набережные Челны, пр-т Мира, д. 20');
INSERT INTO pickup_points(pickup_point_id, address) VALUES (34, 'г. Пенза, ул. Московская, д. 50');
INSERT INTO pickup_points(pickup_point_id, address) VALUES (35, 'г. Липецк, пр-т Победы, д. 25');
INSERT INTO pickup_points(pickup_point_id, address) VALUES (36, 'г. Киров, ул. Воровского, д. 40');
INSERT INTO orders(order_id, user_id, pickup_point_id, order_date, delivery_date, receive_code, status) VALUES (1001, 6, 3, '2025-02-15', '2025-02-20', 'Z1X9Y2', 'Доставлен');
INSERT INTO orders(order_id, user_id, pickup_point_id, order_date, delivery_date, receive_code, status) VALUES (1002, 7, 7, '2025-02-16', '2025-02-21', 'A3B4C5', 'Доставлен');
INSERT INTO orders(order_id, user_id, pickup_point_id, order_date, delivery_date, receive_code, status) VALUES (1003, 8, 12, '2025-02-18', '2025-02-23', 'D6E7F8', 'Доставлен');
INSERT INTO orders(order_id, user_id, pickup_point_id, order_date, delivery_date, receive_code, status) VALUES (1004, 9, 5, '2025-02-20', '2025-02-25', 'G9H0I1', 'Доставлен');
INSERT INTO orders(order_id, user_id, pickup_point_id, order_date, delivery_date, receive_code, status) VALUES (1005, 6, 18, '2025-03-01', '2025-03-06', 'J2K3L4', 'В обработке');
INSERT INTO orders(order_id, user_id, pickup_point_id, order_date, delivery_date, receive_code, status) VALUES (1006, 7, 22, '2025-03-02', '2025-03-07', 'M5N6O7', 'В обработке');
INSERT INTO orders(order_id, user_id, pickup_point_id, order_date, delivery_date, receive_code, status) VALUES (1007, 8, 9, '2025-03-03', '2025-03-08', 'P8Q9R0', 'В обработке');
INSERT INTO orders(order_id, user_id, pickup_point_id, order_date, delivery_date, receive_code, status) VALUES (1008, 9, 31, '2025-03-04', '2025-03-09', 'S1T2U3', 'В обработке');
INSERT INTO orders(order_id, user_id, pickup_point_id, order_date, delivery_date, receive_code, status) VALUES (1009, 6, 14, '2025-03-05', '2025-03-10', 'V4W5X6', 'Новый');
INSERT INTO orders(order_id, user_id, pickup_point_id, order_date, delivery_date, receive_code, status) VALUES (1010, 7, 27, '2025-03-06', '2025-03-11', 'Y7Z8A9', 'Новый');
INSERT INTO order_details(order_id, book_id, quantity) VALUES (1001, 1, 1);
INSERT INTO order_details(order_id, book_id, quantity) VALUES (1001, 2, 2);
INSERT INTO order_details(order_id, book_id, quantity) VALUES (1002, 3, 1);
INSERT INTO order_details(order_id, book_id, quantity) VALUES (1002, 4, 1);
INSERT INTO order_details(order_id, book_id, quantity) VALUES (1003, 5, 1);
INSERT INTO order_details(order_id, book_id, quantity) VALUES (1003, 6, 1);
INSERT INTO order_details(order_id, book_id, quantity) VALUES (1004, 7, 1);
INSERT INTO order_details(order_id, book_id, quantity) VALUES (1004, 8, 1);
INSERT INTO order_details(order_id, book_id, quantity) VALUES (1005, 1, 2);
INSERT INTO order_details(order_id, book_id, quantity) VALUES (1005, 2, 1);
INSERT INTO order_details(order_id, book_id, quantity) VALUES (1006, 3, 1);
INSERT INTO order_details(order_id, book_id, quantity) VALUES (1006, 4, 2);
INSERT INTO order_details(order_id, book_id, quantity) VALUES (1007, 5, 3);
INSERT INTO order_details(order_id, book_id, quantity) VALUES (1007, 6, 1);
INSERT INTO order_details(order_id, book_id, quantity) VALUES (1008, 7, 1);
INSERT INTO order_details(order_id, book_id, quantity) VALUES (1008, 8, 2);
INSERT INTO order_details(order_id, book_id, quantity) VALUES (1009, 9, 1);
INSERT INTO order_details(order_id, book_id, quantity) VALUES (1009, 10, 1);
INSERT INTO order_details(order_id, book_id, quantity) VALUES (1010, 11, 1);
INSERT INTO order_details(order_id, book_id, quantity) VALUES (1010, 12, 1);
SELECT setval(pg_get_serial_sequence('authors','author_id'), COALESCE((SELECT MAX(author_id) FROM authors),0), true);
SELECT setval(pg_get_serial_sequence('genres','genre_id'), COALESCE((SELECT MAX(genre_id) FROM genres),0), true);
SELECT setval(pg_get_serial_sequence('publishers','publisher_id'), COALESCE((SELECT MAX(publisher_id) FROM publishers),0), true);
SELECT setval(pg_get_serial_sequence('books','book_id'), COALESCE((SELECT MAX(book_id) FROM books),0), true);
SELECT setval(pg_get_serial_sequence('pickup_points','pickup_point_id'), COALESCE((SELECT MAX(pickup_point_id) FROM pickup_points),0), true);
SELECT setval(pg_get_serial_sequence('users','user_id'), COALESCE((SELECT MAX(user_id) FROM users),0), true);
COMMIT;